{"Energy [GeV]":{"0":10608262.3073462527,"1":11718536.2798328642,"2":12944972.7489745729,"3":14299698.8370057419,"4":15796151.6315353848,"5":17448963.4746229798,"6":19275163.8672049008,"7":21292130.2057565339,"8":23520007.3361824341,"9":25980834.5672761239,"10":28699308.7923756987,"11":31701440.525759317,"12":35017451.5221826956,"13":38680321.4860862941,"14":42726332.3065987304,"15":47194169.9562333077,"16":52129607.985962458,"17":57580734.0865850449,"18":63601285.4485830143,"19":70251227.2501053214,"20":77594900.2978764623,"21":85706373.0872109085,"22":94664906.9587549418,"23":104559190.6363021731,"24":115487077.7223117203,"25":127559059.5275117904,"26":135277011.6255381107,"27":364540743.5002788305,"28":401465508.2438650131,"29":443334124.4158656001,"30":489566157.5973369479,"31":540601775.6402952671,"32":695809009.9288659096,"33":768361435.7558453083,"34":848444725.3162401915,"35":936871874.3533837795,"36":988986279.5139503479,"37":1637214252.6379451752,"38":1783423210.5468769073,"39":1916521011.1562049389,"40":2059538790.5587575436,"41":2213224356.774289608,"42":2389148514.1965870857,"43":2544571887.7599744797},"log10(E^2 F(E) [GeV.cm^-2.s^-1.sr^-1])":{"0":-10.4102877581,"1":-10.3965917437,"2":-10.3836597256,"3":-10.3718737019,"4":-10.3608516746,"5":-10.3532676304,"6":-10.3399536142,"7":-10.3308415775,"8":-10.3232575333,"9":-10.3172014817,"10":-10.3096174376,"11":-10.3081453636,"12":-10.3078192841,"13":-10.3074932045,"14":-10.307167125,"15":-10.3140990101,"16":-10.3191209045,"17":-10.3260527895,"18":-10.3352766634,"19":-10.3448825355,"20":-10.3594543833,"21":-10.373644233,"22":-10.3901260715,"23":-10.4081359026,"24":-10.4272917281,"25":-10.4426275722,"26":-10.4525578394,"27":-10.8732827057,"28":-10.9438643736,"29":-11.0130619551,"30":-11.0837875291,"31":-11.1625350641,"32":-11.368748034,"33":-11.442147595,"34":-11.5254791076,"35":-11.6095746165,"36":-11.6414845985,"37":-12.2296296816,"38":-12.3228898614,"39":-12.415096262,"40":-12.5088784048,"41":-12.6031857951,"42":-12.6984121369,"43":-12.7678641143}}