{"Energy [GeV]":{"0":367299.9999999998,"1":454880.0,"2":563299.9999999998,"3":848770.0000000008,"4":1234000.0000000009,"5":1474800.0000000002,"6":1859300.0000000014,"7":2182799.9999999981,"8":2608599.9999999995,"9":3408100.0000000005,"10":4373900.0000000009,"11":5416800.0000000056,"12":6829099.9999999991,"13":8609600.0000000056,"14":11248000.0000000019,"15":14181000.0,"16":18200000.0000000112,"17":22944999.9999999925,"18":28415999.9999999814,"19":35192000.0000000075,"20":49374000.0000000075,"21":71785999.9999999851,"22":108160000.0000001639,"23":141299999.9999999106,"24":184610000.0000002682,"25":224590000.0000003874,"26":268410000.0000005066,"27":320769999.9999998212,"28":376570000.0000002384,"29":426610000.000000298,"30":474760000.0000004768},"log10(E^2 F(E) [GeV.cm^-2.s^-1.sr^-1])":{"0":-10.482535776,"1":-10.4446233719,"2":-10.4175578368,"3":-10.2929979005,"4":-10.1251317993,"5":-10.0330764588,"6":-9.8706216572,"7":-9.7406610075,"8":-9.5782041925,"9":-9.3291050465,"10":-9.107089542,"11":-8.9121357997,"12":-8.7605169962,"13":-8.6197224128,"14":-8.5060031912,"15":-8.4410115877,"16":-8.4085272737,"17":-8.4085272737,"18":-8.4247736555,"19":-8.4572575408,"20":-8.5493250197,"21":-8.6955310151,"22":-8.9121357997,"23":-9.090836368,"24":-9.3128576467,"25":-9.4915600669,"26":-9.6973372349,"27":-9.9247694467,"28":-10.1413826077,"29":-10.3255062827,"30":-10.4771212547}}