{"Energy [GeV]":{"0":108828.6814874936,"1":132209.9820634509,"2":160617.9447753349,"3":188383.1598744873,"4":211415.0153395931,"5":239382.3279516655,"6":283241.2641265327,"7":344129.6554997584,"8":418052.7256646662,"9":507758.9391826983,"10":616804.6875226407,"11":749428.3652740819,"12":910616.3276411848,"13":1106250.1232235935,"14":1343805.6626050598,"15":1632418.5480605033,"16":1983090.1932300203,"17":2388294.8710945491,"18":2876551.5573511305,"19":3494971.97578356,"20":4209062.7698694849,"21":4980859.4279966755,"22":5790730.5633803662,"23":6672982.7158584939,"24":7689747.9455031808,"25":8783789.0199880749,"26":10212487.7913455013,"27":12299328.4632104207,"28":14940035.2485647555,"29":18143477.5384217985,"30":22029367.7718840428,"31":26750763.2865714505,"32":31925615.5066877939,"33":37778920.331355989,"34":45496109.668748118,"35":55269458.3269754276,"36":67138912.5327351093,"37":81536889.1184131801,"38":99012781.8512772471,"39":120218629.1111512035,"40":145969864.839027822,"41":177246020.123401463,"42":215194012.2083240151,"43":261246272.4052150548,"44":317124862.1018218398,"45":374881696.4981946349,"46":416516231.8043203354,"47":475295469.0672251582,"48":577072365.0540305376,"49":700550215.2804983854,"50":799378366.2698833942,"51":857411400.3084061146,"52":911562747.3184819221,"53":986368755.2110483646,"54":1165616824.5706036091,"55":1353655766.1046438217,"56":1544590936.7953407764,"57":1778018749.4007709026,"58":2046699865.8354668617,"59":2314714784.6717891693,"60":2640969094.1596360207,"61":2960661915.321993351,"62":3289096504.7951350212,"63":3527520882.9731488228,"64":3717305642.185002327,"65":3848354528.7323451042,"66":3890325717.0688853264,"67":3876290122.6527886391,"68":3862467114.9868030548,"69":4046096308.6967515945,"70":4377918260.8555841446,"71":4737560875.8279447556},"log10(E^2 F(E) [GeV.cm^-2.s^-1.sr^-1])":{"0":-10.3941533672,"1":-10.3354045327,"2":-10.2731657628,"3":-10.1881797523,"4":-10.0950622514,"5":-9.9912136306,"6":-9.9134862861,"7":-9.8372877747,"8":-9.7831921874,"9":-9.7612815595,"10":-9.7145536135,"11":-9.6317630021,"12":-9.5400536669,"13":-9.4824681442,"14":-9.4384545924,"15":-9.3897877934,"16":-9.3349166648,"17":-9.2528928539,"18":-9.1557459897,"19":-9.0772208548,"20":-8.9966705721,"21":-8.8976880132,"22":-8.8064250733,"23":-8.7180562865,"24":-8.6275547614,"25":-8.532093496,"26":-8.4327955494,"27":-8.3490655478,"28":-8.3100930137,"29":-8.3106730803,"30":-8.3453769594,"31":-8.359528997,"32":-8.3194187552,"33":-8.2238011834,"34":-8.1498817779,"35":-8.0950106493,"36":-8.0486704739,"37":-8.044985064,"38":-8.0579737897,"39":-8.0930654394,"40":-8.1238916126,"41":-8.1461868326,"42":-8.1917482884,"43":-8.2504939445,"44":-8.3247504243,"45":-8.4033754154,"46":-8.5136717819,"47":-8.5892242737,"48":-8.6297447117,"49":-8.6927558443,"50":-8.7755790349,"51":-8.870555814,"52":-8.9673011344,"53":-9.0697512383,"54":-9.20593862,"55":-9.3007570949,"56":-9.3866547523,"57":-9.4793486746,"58":-9.5740060702,"59":-9.6704063398,"60":-9.7716901805,"61":-9.8613788176,"62":-9.9911541936,"63":-10.1032639703,"64":-10.2014223754,"65":-10.3159142926,"66":-10.4730376666,"67":-10.5867807945,"68":-10.6934147948,"69":-10.8035107071,"70":-10.9142784902,"71":-11.003292343}}