{"Energy [GeV]":{"0":133770.0840672787,"1":148419.8539865297,"2":178939.821590447,"3":215740.1617466819,"4":282659.7691949056,"5":428319.6510250136,"6":572959.5993744677,"7":886449.5012478069,"8":1262100.6778850618,"9":1759900.0352946082,"10":2611998.9619047418,"11":4673895.5203221394,"12":8022892.9976486843,"13":13489007.6198555436,"14":24135983.4848958254,"15":44096995.4693546966,"16":64099995.6431495026,"17":101249992.5660375357,"18":181189906.1318270266,"19":280319945.4663342237,"20":433689592.2424283624,"21":685079544.0299907923},"log10(E^2 F(E) [GeV.cm^-2.s^-1.sr^-1])":{"0":-11.4773036967,"1":-11.3628105779,"2":-11.2125631419,"3":-11.0623316856,"4":-10.8978179333,"5":-10.6904337041,"6":-10.5832208512,"7":-10.4904122067,"8":-10.4834734399,"9":-10.5337949492,"10":-10.6772433399,"11":-10.8709226757,"12":-10.6851009757,"13":-10.4205212784,"14":-10.170267506,"15":-10.0202847378,"16":-9.9990456016,"17":-10.0494404384,"18":-10.2717544669,"19":-10.5655907924,"20":-10.9381706927,"21":-11.4754740634}}