{"Energy [GeV]":{"0":10000.0,"1":12589.2541179417,"2":15848.9319246111,"3":19952.6231496888,"4":25118.8643150958,"5":31622.7766016838,"6":39810.7170553497,"7":50118.7233627273,"8":63095.7344480193,"9":79432.8234724282,"10":100000.0,"11":125892.5411794166,"12":158489.3192461114,"13":199526.2314968879,"14":251188.6431509582,"15":316227.7660168379,"16":398107.1705534969,"17":501187.2336272725,"18":630957.344480193,"19":794328.2347242822,"20":1000000.0,"21":1258925.4117941661,"22":1584893.1924611141,"23":1995262.3149688828,"24":2511886.4315095819,"25":3162277.6601683795,"26":3981071.705534969,"27":5011872.3362727249,"28":6309573.4448019424,"29":7943282.347242821,"30":10000000.0,"31":12589254.1179416627,"32":15848931.9246111419,"33":19952623.1496888287,"34":25118864.3150958233,"35":31622776.6016837917,"36":39810717.0553496927,"37":50118723.3627272472,"38":63095734.44801943,"39":79432823.4724282026,"40":100000000.0,"41":125892541.1794171333,"42":158489319.2461110651,"43":199526231.4968882799,"44":251188643.1509582102,"45":316227766.0168378949,"46":398107170.5534985662,"47":501187233.6272714734,"48":630957344.480194211,"49":794328234.7242821455,"50":1000000000.0,"51":1258925411.7941713333,"52":1584893192.4611110687,"53":1995262314.9688827991,"54":2511886431.5095820427,"55":3162277660.1683793068,"56":3981071705.5349855423,"57":5011872336.2727146149,"58":6309573444.8019428253,"59":7943282347.2428216934,"60":10000000000.0,"61":12589254117.9417133331,"62":15848931924.6111087799,"63":19952623149.6888275146,"64":25118864315.0958213806,"65":31622776601.6837921143,"66":39810717055.3498535156,"67":50118723362.7271499634,"68":63095734448.0194244385,"69":79432823472.4282073975,"70":100000000000.0},"log10(E^2 F(E) min [GeV.cm^-2.s^-1.sr^-1])":{"0":-14.3346443299,"1":-14.0809649405,"2":-13.8272855512,"3":-13.5736061618,"4":-13.3199267725,"5":-13.1567317538,"6":-12.9992179652,"7":-12.8417041766,"8":-12.6841903881,"9":-12.5266765995,"10":-12.3691628109,"11":-12.2116490224,"12":-12.0541352338,"13":-11.8966214452,"14":-11.7383726883,"15":-11.565794957,"16":-11.386530003,"17":-11.2220853202,"18":-11.0753797407,"19":-10.9306119647,"20":-10.8734175107,"21":-10.8316266821,"22":-10.7951694741,"23":-10.7567248963,"24":-10.7132707143,"25":-10.7408770257,"26":-10.8175191853,"27":-10.8469113749,"28":-10.7677210419,"29":-10.688530709,"30":-10.5729264256,"31":-10.4556736581,"32":-10.3796113927,"33":-10.3367908473,"34":-10.3192549028,"35":-10.3081821248,"36":-10.30739879,"37":-10.3171346989,"38":-10.3345364474,"39":-10.3627954177,"40":-10.400058897,"41":-10.4405990413,"42":-10.5197687324,"43":-10.6174930749,"44":-10.7152174174,"45":-10.8129417599,"46":-10.9377191351,"47":-11.1081626098,"48":-11.3787598896,"49":-11.6493571694,"50":-11.9199544492,"51":-12.190551729,"52":-12.4611490088,"53":-12.7317462886,"54":-13.0023435684,"55":-13.2729408482,"56":-13.543538128,"57":-13.8184546609,"58":-14.1449079021,"59":-14.4713611433,"60":-15.3716878182,"61":-16.7829146054,"62":-18.1941413927,"63":-19.60536818,"64":-21.0165949672,"65":-22.4278217545,"66":-23.8390485418,"67":-25.250275329,"68":-26.6615021163,"69":-28.0727289036,"70":-29.4839556908},"log10(E^2 F(E) max [GeV.cm^-2.s^-1.sr^-1])":{"0":-9.1428907635,"1":-9.1278162067,"2":-9.11274165,"3":-9.0976670932,"4":-9.0825925364,"5":-9.0675179797,"6":-9.0524434229,"7":-9.0373688661,"8":-9.0222943094,"9":-9.0072197526,"10":-8.9921451958,"11":-8.977070639,"12":-8.9619960823,"13":-8.9469215255,"14":-8.9318469687,"15":-8.916772412,"16":-8.8598042902,"17":-8.6979745567,"18":-8.5548117956,"19":-8.4099349235,"20":-8.2693125686,"21":-8.1361075638,"22":-8.0378026628,"23":-7.9463238197,"24":-7.8906414427,"25":-7.8480269331,"26":-7.8128468212,"27":-7.7951255848,"28":-7.7913491022,"29":-7.8137596509,"30":-7.8454479248,"31":-7.8608541427,"32":-7.9086631001,"33":-7.9527187739,"34":-7.9805722725,"35":-7.8995428186,"36":-7.8338725665,"37":-7.7817384508,"38":-7.729604335,"39":-7.6856407531,"40":-7.6793981315,"41":-7.6802065448,"42":-7.6895802302,"43":-7.705497753,"44":-7.7582096421,"45":-7.7177511415,"46":-7.6798962095,"47":-7.671372604,"48":-7.6402440516,"49":-7.5991067936,"50":-7.5710882983,"51":-7.5224063867,"52":-7.4614038515,"53":-7.4685732656,"54":-7.403108677,"55":-7.3862811272,"56":-7.3451628937,"57":-7.3193638295,"58":-7.2934905487,"59":-7.2666223011,"60":-7.2172247438,"61":-7.1678271864,"62":-7.1318642856,"63":-7.0986567384,"64":-7.0765013984,"65":-7.0956158512,"66":-7.114730304,"67":-7.1727493142,"68":-7.2247747012,"69":-7.2922866894,"70":-7.3918644713}}