{"Energy [GeV]":{"0":180294.7409308352,"1":198324.210254154,"2":216103.2767182397,"3":237769.0949682295,"4":261589.0095235794,"5":287793.2381966193,"6":316626.7994349049,"7":348317.9077323179,"8":379546.6538439061,"9":413573.8137334896,"10":455005.9977891117,"11":505398.8055246872,"12":566805.774006821,"13":635677.4671590031,"14":679625.0377724317,"15":1183040.4601042913,"16":1365662.2455863215,"17":1488656.4123662186,"18":2121989.1599532561,"19":3269182.2801519926,"20":4038702.0342493872,"21":4801827.2348627131,"22":6660385.8006618693,"23":8233813.418179201,"24":10179102.0096554682,"25":12581550.0340635795,"26":14540958.3289720174,"27":26444227.0655269511,"28":33662720.0560574159,"29":61973019.2116116136,"30":74495190.0081069618,"31":83694401.8306583464,"32":89467509.6351172477,"33":102275104.231612429,"34":118631687.2782781571,"35":129454251.3491125703,"36":138357369.6017482579,"37":148411865.3935267329,"38":168323853.4597378969,"39":190908159.0391969085,"40":214447607.6446545422,"41":252184351.3045762479,"42":321773537.2547621727,"43":447561610.8819764256,"44":517513906.0375487804},"log10(E^2 F(E) [GeV.cm^-2.s^-1.sr^-1])":{"0":-9.4424151586,"1":-9.3617672363,"2":-9.2955619291,"3":-9.2349868447,"4":-9.1684789017,"5":-9.101377673,"6":-9.0354630159,"7":-8.9618356429,"8":-8.896371943,"9":-8.8306116002,"10":-8.7641036573,"11":-8.6922501489,"12":-8.6209839337,"13":-8.5502121233,"14":-8.5051793303,"15":-8.166658815,"16":-8.0961162286,"17":-8.0626899646,"18":-7.9218594854,"19":-7.841873766,"20":-7.8107292553,"21":-7.795827764,"22":-7.7904616519,"23":-7.8185108884,"24":-7.8479085018,"25":-7.860721079,"26":-7.8921832074,"27":-8.0066124663,"28":-8.0696475895,"29":-8.4089261923,"30":-8.5090352602,"31":-8.5898574014,"32":-8.6504633058,"33":-8.7258596924,"34":-8.7926772626,"35":-8.851210305,"36":-8.9426838962,"37":-9.0160104315,"38":-9.0827478125,"39":-9.1498383398,"40":-9.2165110843,"41":-9.2691470586,"42":-9.3490070959,"43":-9.5831512514,"44":-9.6562557539}}