{"Energy [GeV]":{"0":71381.1685619983,"1":90442.3915034365,"2":111027.2792989211,"3":136373.1185421492,"4":164291.4180577876,"5":200416.3904593843,"6":253244.9584882677,"7":323494.683783284,"8":407712.993399951,"9":533939.3771909626,"10":684120.6294373189,"11":610316.108818779,"12":867436.8979566892,"13":1128843.5722190477,"14":1440096.6100403036,"15":1847628.5584971462,"16":2370222.5583145656,"17":3040625.926237931,"18":3901857.8447807683,"19":5005680.0842734026,"20":6421260.3602713207,"21":8236637.9888224453,"22":10564989.6862908322,"23":13657328.5322760548,"24":17467773.0605037101,"25":20607405.5861426704,"26":32784374.9749102518,"27":40734198.8691336066,"28":66255124.2953590751,"29":85107369.9964030981,"30":109311435.3201340437,"31":128723856.9838153869,"32":188860853.011696279,"33":230891593.1893625557,"34":284264410.0321775675,"35":358424247.8967937827,"36":457886217.9756305814,"37":541306052.4747236967,"38":651356265.2113337517,"39":737971522.8895593882,"40":846156681.8539978266,"41":918790968.0562508106,"42":1019638881.8429275751,"43":1157241355.2106692791,"44":1390424854.2415220737},"log10(E^2 F(E) [GeV.cm^-2.s^-1.sr^-1])":{"0":-11.8970660133,"1":-11.7742005797,"2":-11.6634580402,"3":-11.5481434579,"4":-11.4349264022,"5":-11.3605466083,"6":-11.2599394516,"7":-11.1788872815,"8":-11.1288477361,"9":-11.078479444,"10":-10.9791663192,"11":-11.1149388828,"12":-10.9019902129,"13":-10.8490678097,"14":-10.8101258002,"15":-10.7712245172,"16":-10.7242431482,"17":-10.6771630408,"18":-10.6524683217,"19":-10.6083456622,"20":-10.5584914781,"21":-10.5040647694,"22":-10.4478748764,"23":-10.4068225219,"24":-10.3618293142,"25":-10.3301970218,"26":-10.2502474249,"27":-10.2370523047,"28":-10.2338240166,"29":-10.2821909541,"30":-10.3223626108,"31":-10.4166536286,"32":-10.4625954986,"33":-10.6278690337,"34":-10.7695708211,"35":-10.8257496386,"36":-10.9689944399,"37":-11.086984549,"38":-11.1994779428,"39":-11.3349057029,"40":-11.4515115721,"41":-11.5860323127,"42":-11.7292342097,"43":-11.8538345521,"44":-11.9945228762}}