{"Energy [GeV]":{"0":5050.0065408065,"1":6549.7884099493,"2":8494.9846833774,"3":11017.8772586296,"4":14290.0339212812,"5":18533.9757085629,"6":24038.3093180789,"7":31177.3536319394,"8":40436.595046223,"9":51220.4111673057,"10":63865.5970540529,"11":73020.6648430865,"12":86161.593025,"13":104099.4668455496,"14":131861.1888075973,"15":171022.1321884106,"16":221813.3323592863,"17":277665.9999759358,"18":335472.9357225844,"19":405314.624808521,"20":507372.9762106322,"21":658055.7098793761,"22":853489.1245864838,"23":1106963.5516435618,"24":1435716.3663462328,"25":1862104.2052684918,"26":2415123.3158279816,"27":3132381.4285757993,"28":4062655.2481949609,"29":5269207.4838377945,"30":6834088.9914466431,"31":8863718.5926478747,"32":11347613.1736995559,"33":10214498.488280233,"34":14118673.4165459219,"35":18445407.4286008067,"36":23923437.4879343696,"37":31028366.4621939845,"38":40243360.7543970272,"39":52195080.4848790243,"40":67696295.1342312247,"41":87801155.4408579916,"42":113876880.2851595134,"43":147696733.5835994482,"44":191560614.0301642418,"45":248451458.3177504838,"46":311011614.5206975341,"47":371345331.9928860664,"48":433024513.0808677673,"49":493151259.8019512892,"50":581899634.0026446581,"51":568304684.4378376007,"52":671798346.463668704,"53":754715750.9098237753,"54":857480779.1024304628,"55":990494726.5213458538,"56":1088728421.2013819218,"57":1118071981.8760173321,"58":1224366879.2379999161,"59":1141440444.0923748016,"60":1395473089.7768449783,"61":1445845002.5916426182,"62":1552109234.149097681,"63":1653105399.765403986,"64":1802792133.7163109779},"log10(E^2 F(E) [GeV.cm^-2.s^-1.sr^-1])":{"0":-10.3104739701,"1":-10.2977325423,"2":-10.2546863394,"3":-10.2068298548,"4":-10.1685939336,"5":-10.1534473649,"6":-10.1580229515,"7":-10.1568261999,"8":-10.1243626169,"9":-10.0368159198,"10":-9.9860553784,"11":-9.800990594,"12":-9.677629311,"13":-9.5581941773,"14":-9.459476937,"15":-9.3995947479,"16":-9.3358643334,"17":-9.230496857,"18":-9.1106102821,"19":-8.9920465348,"20":-8.8815080055,"21":-8.7966123512,"22":-8.7425025002,"23":-8.6994562973,"24":-8.6588152353,"25":-8.6268326805,"26":-8.6044706891,"27":-8.5979826276,"28":-8.6068874678,"29":-8.640324745,"30":-8.7183464622,"31":-8.7893863991,"32":-8.9408316228,"33":-8.8350247787,"34":-9.0165375923,"35":-9.1129532471,"36":-9.209458663,"37":-9.2874391493,"38":-9.3398289366,"39":-9.4050140734,"40":-9.4649079003,"41":-9.4973831211,"42":-9.505806933,"43":-9.5243323367,"44":-9.5741245719,"45":-9.6599939203,"46":-9.7665193556,"47":-9.8787051848,"48":-9.9974949914,"49":-10.1183722644,"50":-10.3993678478,"51":-10.2706339752,"52":-10.5411538372,"53":-10.6521081613,"54":-10.7956898073,"55":-10.9421289435,"56":-11.0743263483,"57":-11.193871252,"58":-11.3733557686,"59":-11.2660936619,"60":-11.4356751671,"61":-11.5511700969,"62":-11.6631054829,"63":-11.7785755208,"64":-11.8949061078}}