{"Energy [GeV]":{"0":18811.0475725508,"1":23218.3871613299,"2":28036.6648895794,"3":35289.2966088461,"4":43660.5547448798,"5":53508.9926180902,"6":68611.17571043,"7":77478.3792739457,"8":89065.766226636,"9":110604.0925023815,"10":127386.0550102182,"11":156590.9771864726,"12":190556.0395696022,"13":225933.0244427245,"14":282853.7013157845,"15":366903.3897500689,"16":464803.9144185277,"17":648787.1375514623,"18":839585.4597853747,"19":1089067.4215933732,"20":1412682.6935273963,"21":1832459.9129703345,"22":2376973.5044029728,"23":3083288.7533541461,"24":3999484.8570884531,"25":5187927.697228739,"26":6729515.113420479,"27":8729183.6557293367,"28":11323051.6628889646,"29":14687684.8989540804,"30":19052115.4644209109,"31":24713432.114510756,"32":32057003.2246072851,"33":41582708.9892174602,"34":53938968.492059648,"35":69966877.8852725476,"36":90757464.1834926307,"37":117725951.9643615633,"38":152708098.3432321846,"39":198085153.7872101665,"40":256945954.9074507654,"41":333297182.9591225982,"42":432336100.4398735762,"43":547695980.5843734741,"44":663205007.1133722067,"45":762684337.1235203743,"46":898374312.7564172745,"47":1024235914.1215698719,"48":1197565473.7756829262,"49":1458116727.0865898132,"50":1645047713.8728795052,"51":1918426802.0773794651,"52":2210935458.7258143425,"53":2459230229.4509663582,"54":2735409257.4601306915,"55":2936552219.9529242516,"56":3590443302.0626039505,"57":3847953262.8489608765,"58":4187114211.9032816887,"59":4355464544.773018837},"log10(E^2 F(E) [GeV.cm^-2.s^-1.sr^-1])":{"0":-11.9253697363,"1":-11.8322806094,"2":-11.7178398589,"3":-11.6025814655,"4":-11.5084834369,"5":-11.3851299039,"6":-11.2779220663,"7":-11.1801570629,"8":-11.0461530354,"9":-10.9382617326,"10":-10.8256803799,"11":-10.6840282511,"12":-10.5881422566,"13":-10.4417832087,"14":-10.3195225844,"15":-10.2228897981,"16":-10.1516515213,"17":-10.0527832556,"18":-9.990579693,"19":-9.9471764521,"20":-9.907609575,"21":-9.8939381523,"22":-9.8749917297,"23":-9.8565248525,"24":-9.8394966117,"25":-9.8200706436,"26":-9.7891355845,"27":-9.7486096164,"28":-9.7205518302,"29":-9.702084953,"30":-9.6466930758,"31":-9.5908216531,"32":-9.5469388669,"33":-9.5136060806,"34":-9.4922619307,"35":-9.4723564171,"36":-9.4695546914,"37":-9.4734666021,"38":-9.4951216946,"39":-9.528925272,"40":-9.5790333948,"41":-9.6670256085,"42":-9.7636496404,"43":-9.8720277778,"44":-9.9942185967,"45":-10.1085510824,"46":-10.2092188992,"47":-10.3596022489,"48":-10.496763602,"49":-10.6067834432,"50":-10.7252284145,"51":-10.8370216785,"52":-10.9653325761,"53":-11.0864901242,"54":-11.1997351724,"55":-11.2778693712,"56":-11.5655387677,"57":-11.7046353666,"58":-11.8448760794,"59":-11.9094676978}}