{"Energy [GeV]":{"0":1140332.3848362507,"1":1395358.9658159162,"2":1640034.2368939575,"3":2864737.221229373,"4":3594381.2131480118,"5":6928497.6150354641,"6":14035959.3616699353,"7":28914846.9726241305,"8":33411048.5096614473,"9":44662685.2201048285,"10":50135119.5600208193,"11":106534174.9015160203,"12":123149888.7960617095,"13":142364398.664183557,"14":164564991.0707164109,"15":187187164.8252876699,"16":221711203.4968625903,"17":264756315.5384123325,"18":321322157.3357157111,"19":383800410.5677144527,"20":461481487.5882792473,"21":544388288.4218111038,"22":633424231.9563049078,"23":781549136.5991107225,"24":996148201.1114645004,"25":1263371009.5517454147,"26":1570979592.4360227585,"27":2074532881.1230621338,"28":2346196413.2546777725,"29":2785105404.6119117737,"30":3349458001.9857563972,"31":4000981967.702352047,"32":4780153740.4139852524,"33":5711222529.0078878403,"34":6801189629.9504585266,"35":7724372340.2419166565,"36":13092387497.6395931244,"37":23926355885.0933074951,"38":40396088302.5143661499,"39":57252847823.6664199829,"40":64242042863.2469024658,"41":86059926804.5374298096,"42":93352579253.0539398193,"43":176185881177.3330688477,"44":192715659607.0242919922,"45":215999131233.6226806641,"46":242084092948.9264831543,"47":256073173152.0292053223,"48":278173160885.4160766602,"49":301573311407.9467163086,"50":323318412889.8952636719,"51":354653050888.662109375,"52":396650597598.0375366211,"53":435908917236.3341064453,"54":672986614191.7951660156,"55":701364148053.0053710938,"56":719921481039.1317138672,"57":767874550527.2579345703,"58":810504425147.5405273438,"59":853117320771.2266845703,"60":893654451229.4903564453},"log10(E^2 F(E) [GeV.cm^-2.s^-1.sr^-1])":{"0":-8.8386900184,"1":-8.7796424476,"2":-8.7423287879,"3":-8.6492528623,"4":-8.6669329344,"5":-8.7077116232,"6":-8.8603915392,"7":-8.9536756884,"8":-8.947845429,"9":-8.8244382734,"10":-8.7773103439,"11":-8.3123471629,"12":-8.231816706,"13":-8.1563877261,"14":-8.0737923857,"15":-7.9993351156,"16":-7.9226914982,"17":-7.8530522897,"18":-7.7840196636,"19":-7.7386496456,"20":-7.709498349,"21":-7.6733507412,"22":-7.6393686583,"23":-7.6010555256,"24":-7.571904229,"25":-7.5216611119,"26":-7.4611293019,"27":-7.4697863536,"28":-7.4097170151,"29":-7.3931096098,"30":-7.3831893352,"31":-7.3440647617,"32":-7.3239793921,"33":-7.3066274299,"34":-7.2835979055,"35":-7.2726175838,"36":-7.1594202899,"37":-7.0724637681,"38":-7.115942029,"39":-7.2078045343,"40":-7.227918929,"41":-7.3165874562,"42":-7.3532695044,"43":-7.7096441055,"44":-7.770133046,"45":-7.8396797107,"46":-7.9044788786,"47":-7.9696112042,"48":-8.0345353062,"49":-8.1039477825,"50":-8.17446153,"51":-8.252454499,"52":-8.3366399101,"53":-8.4172918307,"54":-8.9288970863,"55":-9.0100348618,"56":-9.0763193577,"57":-9.1622289229,"58":-9.2566062457,"59":-9.3419277721,"60":-9.4082415735}}