{"Energy [GeV]":{"0":192012.0133004499,"1":238558.5900435076,"2":286860.6892418347,"3":346787.8406468163,"4":385834.2482236204,"5":496445.6760192235,"6":619195.4508527006,"7":746306.7252415438,"8":916465.0622016086,"9":1062458.1816517888,"10":1937521.7575218538,"11":2350541.3016891279,"12":4929731.8078069687,"13":5623886.0113791302,"14":10174099.5784795024,"15":19106158.578783866,"16":23220253.5906801075,"17":27242290.1816760227,"18":64909796.3399363533,"19":78478616.4607998729,"20":92921907.7120651603,"21":145689484.588149935,"22":172993839.3255617619,"23":250366669.6615183949,"24":347476362.8045019507,"25":571483987.0697879791,"26":701782645.182013154,"27":859780442.9019585848,"28":891245417.4219311476,"29":1098544514.6138081551,"30":1315843596.9637517929,"31":1358491976.8571984768,"32":1581038248.1621446609,"33":1952877422.18618536,"34":2352247532.1778893471,"35":2717078658.7999100685,"36":3039176834.7151436806,"37":3399458386.2172355652,"38":3901335574.8098635674,"39":4273114076.6552476883,"40":4498255571.8606071472,"41":4892540684.6480579376,"42":5222949240.8059101105,"43":7950004989.2970046997,"44":8345468010.4428806305,"45":8851032189.6023788452,"46":9230794440.1828289032,"47":9915701075.4956874847,"48":10919926575.4399261475,"49":11988490883.077753067,"50":12918150998.3487739563,"51":12918150998.3487739563,"52":13822778091.9955368042,"53":14182250622.2929344177,"54":15962536425.8272247314,"55":16467089060.9235095978,"56":17221791932.3153190613,"57":17910477050.7661972046},"log10(E^2 F(E) [GeV.cm^-2.s^-1.sr^-1])":{"0":-11.9228815119,"1":-11.7743985276,"2":-11.64564102,"3":-11.4902216042,"4":-11.4087185354,"5":-11.2301054272,"6":-11.0436888337,"7":-10.9087174396,"8":-10.7705668478,"9":-10.6630521613,"10":-10.2639596269,"11":-10.1428198073,"12":-9.7861716268,"13":-9.7474432182,"14":-9.4944802361,"15":-9.198834554,"16":-9.0927211668,"17":-9.0078462216,"18":-8.5150127716,"19":-8.4236686408,"20":-8.2883153301,"21":-8.0010232058,"22":-7.9375863879,"23":-7.799086758,"24":-7.6849315068,"25":-7.6665138022,"26":-7.6867450604,"27":-7.7530891364,"28":-7.8456471427,"29":-7.8407916408,"30":-7.9254739073,"31":-8.011149157,"32":-8.1173818423,"33":-8.21824189,"34":-8.3232589795,"35":-8.4450993236,"36":-8.562758541,"37":-8.675764569,"38":-8.7972543067,"39":-8.8747534444,"40":-8.99366989,"41":-9.1051990361,"42":-9.1855922759,"43":-9.7481864073,"44":-9.9035418262,"45":-10.0314498275,"46":-10.1637529663,"47":-10.309211584,"48":-10.4315140816,"49":-10.5390287681,"50":-10.8373857391,"51":-10.6597490987,"52":-10.9868968017,"53":-11.0906831563,"54":-11.1324999284,"55":-11.2522153022,"56":-11.412669824,"57":-11.5635743661}}