{"Energy [GeV]":{"0":50941.3801481637,"1":59948.4250318941,"2":70548.0231071865,"3":83021.7568131974,"4":97700.9957299225,"5":114975.6995397736,"6":135304.7774579808,"7":159228.2793341094,"8":187381.7422860383,"9":220513.0739903045,"10":259502.4211399737,"11":305385.5508833412,"12":359381.3663804625,"13":422924.2874389499,"14":497702.3564332114,"15":585702.0818056661,"16":689261.2104349695,"17":811130.8307896872,"18":954548.4566618328,"19":1123324.0329780264,"20":1321941.1484660287,"21":1555676.1439304722,"22":1830738.2802953697,"23":2154434.6900318824,"24":2535364.4939701115,"25":2983647.2402833346,"26":3511191.7342151273,"27":4132012.4001153349,"28":4862601.5800653528,"29":5722367.6593502201,"30":6734150.6577508282,"31":7924828.9835391697,"32":9326033.4688321985,"33":10974987.654930545,"34":12915496.6501488276,"35":15199110.829529332,"36":17886495.2905743495,"37":21049041.4451202191,"38":24770763.5599170886,"39":29150530.6282517575,"40":34304692.8631491214,"41":40370172.5859654918,"42":47508101.6210279316,"43":55908101.8251222223,"44":65793322.4657568261,"45":77426368.2681127638,"46":91116275.6115488559,"47":107226722.2010325342,"48":126185688.3066018373,"49":148496826.2254463434,"50":174752840.0007683039,"51":205651230.8348651528,"52":242012826.4794383347,"53":284803586.8435792923,"54":335160265.0938847661,"55":394420605.9437648058,"56":464158883.3612772226,"57":546227721.7684336901,"58":642807311.7284319401,"59":756463327.5546289682,"60":890215085.4450355768,"61":1047615752.7896662951,"62":1232846739.4420633316,"63":1450828778.4959430695,"64":1707352647.4706885815,"65":2009233002.5650458336,"66":2364489412.6454071999,"67":2782559402.2071256638,"68":3274549162.8777318001,"69":3853528593.7105193138,"70":4534878508.1285905838,"71":5336699231.2063016891,"72":6280291441.8342466354,"73":7390722033.5257749557,"74":8697490026.1778335571,"75":10235310218.9902687073,"76":12045035402.5877857208},"log10(E^2 F(E) [GeV.cm^-2.s^-1.sr^-1])":{"0":-16.921753038,"1":-16.2389908698,"2":-15.9528713909,"3":-15.7575658835,"4":-15.6033781295,"5":-15.4725017459,"6":-15.3564961069,"7":-15.2506929445,"8":-15.1522414476,"9":-15.0592759951,"10":-14.9705119456,"11":-14.8850297118,"12":-14.8021507401,"13":-14.7213620788,"14":-14.6395602276,"15":-14.5507947996,"16":-14.4653114796,"17":-14.3824316405,"18":-14.2919031418,"19":-14.2034021531,"20":-14.1181272923,"21":-14.0212095265,"22":-13.9287158711,"23":-13.840317544,"24":-13.7526304656,"25":-13.6648252902,"26":-13.5801000293,"27":-13.4978265482,"28":-13.4290727887,"29":-13.377100191,"30":-13.3229736815,"31":-13.2668712443,"32":-13.2089725722,"33":-13.1915799842,"34":-13.1890714158,"35":-13.1861377431,"36":-13.1827105544,"37":-13.1787117361,"38":-13.1747780908,"39":-13.1712347863,"40":-13.1671016768,"41":-13.1622876354,"42":-13.1639275939,"43":-13.1774307417,"44":-13.1938785915,"45":-13.2140679089,"46":-13.2390953292,"47":-13.2667279663,"48":-13.2896892197,"49":-13.3183634728,"50":-13.3547273579,"51":-13.4018276358,"52":-13.4316258103,"53":-13.458282719,"54":-13.4919041143,"55":-13.5351228572,"56":-13.5881829658,"57":-13.6196179274,"58":-13.6597841145,"59":-13.7123653695,"60":-13.7836951214,"61":-13.8212730236,"62":-13.864528466,"63":-13.9216504149,"64":-14.0001847682,"65":-14.0896014692,"66":-14.133943022,"67":-14.1926804789,"68":-14.2738257023,"69":-14.3340925639,"70":-14.3916135818,"71":-14.4707905225,"72":-14.5561767643,"73":-14.6119359089,"74":-14.6882874129,"75":-14.7996536176,"76":-14.9827445813}}