{"Energy [GeV]":{"0":10000.0,"1":11768.11952435,"2":13848.8637139387,"3":16297.5083462064,"4":19179.1026167249,"5":22570.1971963392,"6":26560.8778294668,"7":31257.1584968824,"8":36783.7977182863,"9":43287.6128108306,"10":50941.3801481637,"11":59948.4250318941,"12":70548.0231071865,"13":83021.7568131974,"14":97700.9957299225,"15":114975.6995397736,"16":135304.7774579808,"17":159228.2793341094,"18":187381.7422860383,"19":220513.0739903045,"20":259502.4211399737,"21":305385.5508833412,"22":359381.3663804625,"23":422924.2874389499,"24":497702.3564332114,"25":585702.0818056661,"26":689261.2104349695,"27":811130.8307896872,"28":954548.4566618328,"29":1123324.0329780264,"30":1321941.1484660287,"31":1555676.1439304722,"32":1830738.2802953697,"33":2154434.6900318824,"34":2535364.4939701115,"35":2983647.2402833346,"36":3511191.7342151273,"37":4132012.4001153349,"38":4862601.5800653528,"39":5722367.6593502201,"40":6734150.6577508282,"41":7924828.9835391697,"42":9326033.4688321985,"43":10974987.654930545,"44":12915496.6501488276,"45":15199110.829529332,"46":17886495.2905743495,"47":21049041.4451202191,"48":24770763.5599170886,"49":29150530.6282517575,"50":34304692.8631491214,"51":40370172.5859654918,"52":47508101.6210279316,"53":55908101.8251222223,"54":65793322.4657568261,"55":77426368.2681127638,"56":91116275.6115488559,"57":107226722.2010325342,"58":126185688.3066018373,"59":148496826.2254463434,"60":174752840.0007683039,"61":205651230.8348651528,"62":242012826.4794383347,"63":284803586.8435792923,"64":335160265.0938847661,"65":394420605.9437648058,"66":464158883.3612772226,"67":546227721.7684336901,"68":642807311.7284319401,"69":756463327.5546289682,"70":890215085.4450355768,"71":1047615752.7896662951,"72":1232846739.4420633316,"73":1450828778.4959430695,"74":1707352647.4706885815},"log10(E^2 F(E) [GeV.cm^-2.s^-1.sr^-1])":{"0":-10.784488699,"1":-10.6787481922,"2":-10.5698130161,"3":-10.4472387139,"4":-10.3389871382,"5":-10.2383700961,"6":-10.1251228822,"7":-10.0004156674,"8":-9.8814952881,"9":-9.7698657849,"10":-9.6438165375,"11":-9.5003011192,"12":-9.3810347391,"13":-9.2600895113,"14":-9.1424335857,"15":-9.0337815419,"16":-8.9369872121,"17":-8.8498078004,"18":-8.7622127193,"19":-8.6676867945,"20":-8.5941870017,"21":-8.5256255047,"22":-8.4545070031,"23":-8.3971616018,"24":-8.3511595491,"25":-8.2930705336,"26":-8.2553142577,"27":-8.2136662372,"28":-8.1695735627,"29":-8.1357183537,"30":-8.1009531692,"31":-8.0676711641,"32":-8.0404102551,"33":-8.0221225801,"34":-8.0015436072,"35":-7.987020582,"36":-7.9723182117,"37":-7.9595308286,"38":-7.9549391415,"39":-7.9495970449,"40":-7.9486900593,"41":-7.9488139257,"42":-7.948912903,"43":-7.9490237832,"44":-7.9491543046,"45":-7.963494871,"46":-7.98373656,"47":-8.0034688777,"48":-8.0167737849,"49":-8.0329718149,"50":-8.0530395937,"51":-8.0793862987,"52":-8.1125886424,"53":-8.1423697221,"54":-8.1723738348,"55":-8.2105621532,"56":-8.2471071173,"57":-8.284134546,"58":-8.3321829072,"59":-8.3774237445,"60":-8.4298577601,"61":-8.4867593628,"62":-8.55215204,"63":-8.5914582482,"64":-8.6427895685,"65":-8.7071522599,"66":-8.7818411495,"67":-8.8546492715,"68":-8.9449209396,"69":-9.0262181312,"70":-9.0949532138,"71":-9.1683421371,"72":-9.274387853,"73":-9.44538956,"74":-9.8097449002}}