{"Energy [GeV]":{"0":10000.0,"1":11768.11952435,"2":13848.8637139387,"3":16297.5083462064,"4":19179.1026167249,"5":22570.1971963392,"6":26560.8778294668,"7":31257.1584968824,"8":36783.7977182863,"9":43287.6128108306,"10":50941.3801481637,"11":59948.4250318941,"12":70548.0231071865,"13":83021.7568131974,"14":97700.9957299225,"15":114975.6995397736,"16":135304.7774579808,"17":159228.2793341094,"18":187381.7422860383,"19":220513.0739903045,"20":259502.4211399737,"21":305385.5508833412,"22":359381.3663804625,"23":422924.2874389499,"24":497702.3564332114,"25":585702.0818056661,"26":689261.2104349695,"27":811130.8307896872,"28":954548.4566618328,"29":1123324.0329780264,"30":1321941.1484660287,"31":1555676.1439304722,"32":1830738.2802953697,"33":2154434.6900318824,"34":2535364.4939701115,"35":2983647.2402833346,"36":3511191.7342151273,"37":4132012.4001153349,"38":4862601.5800653528,"39":5722367.6593502201,"40":6734150.6577508282,"41":7924828.9835391697,"42":9326033.4688321985,"43":10974987.654930545,"44":12915496.6501488276,"45":15199110.829529332,"46":17886495.2905743495,"47":21049041.4451202191,"48":24770763.5599170886,"49":29150530.6282517575,"50":34304692.8631491214,"51":40370172.5859654918,"52":47508101.6210279316,"53":55908101.8251222223,"54":65793322.4657568261,"55":77426368.2681127638,"56":91116275.6115488559,"57":107226722.2010325342,"58":126185688.3066018373,"59":148496826.2254463434,"60":174752840.0007683039,"61":205651230.8348651528,"62":242012826.4794383347,"63":284803586.8435792923,"64":335160265.0938847661,"65":394420605.9437648058,"66":464158883.3612772226,"67":546227721.7684336901,"68":642807311.7284319401,"69":756463327.5546289682},"log10(E^2 F(E) [GeV.cm^-2.s^-1.sr^-1])":{"0":-9.2492232359,"1":-9.1793347507,"2":-9.1093244906,"3":-9.0468231874,"4":-8.9963449215,"5":-8.9436003647,"6":-8.8887635236,"7":-8.8320135558,"8":-8.7922899337,"9":-8.7536917406,"10":-8.7122687209,"11":-8.6680984925,"12":-8.621290033,"13":-8.5719785172,"14":-8.5394679503,"15":-8.5054130081,"16":-8.4684833455,"17":-8.4286996844,"18":-8.3861194756,"19":-8.3590342484,"20":-8.3395547297,"21":-8.3176968926,"22":-8.2933086783,"23":-8.2662594294,"24":-8.2374167953,"25":-8.2242979141,"26":-8.2093505091,"27":-8.1923948301,"28":-8.1732537557,"29":-8.1517583348,"30":-8.1471701291,"31":-8.144019431,"32":-8.1403406935,"33":-8.13605105,"34":-8.1310566236,"35":-8.1322410078,"36":-8.1515541175,"37":-8.1754399171,"38":-8.2053425922,"39":-8.2433912809,"40":-8.2710691475,"41":-8.3034388486,"42":-8.3449055538,"43":-8.3993886395,"44":-8.4565006631,"45":-8.4958374666,"46":-8.5472131517,"47":-8.6166624299,"48":-8.668796252,"49":-8.7158972873,"50":-8.7787849309,"51":-8.8454094195,"52":-8.9135230925,"53":-9.0103403863,"54":-9.1112291416,"55":-9.2272416287,"56":-9.393471283,"57":-9.5076475403,"58":-9.6973237643,"59":-9.8762756397,"60":-10.060231983,"61":-10.2229609362,"62":-10.4604054315,"63":-10.7239285095,"64":-10.8828168336,"65":-11.1180796336,"66":-11.3829680663,"67":-11.6541009469,"68":-11.8232762815,"69":-12.1581827929}}