{"Energy [GeV]":{"0":10000.0,"1":12589.2541179417,"2":15848.9319246111,"3":19952.6231496888,"4":25118.8643150958,"5":31622.7766016838,"6":39810.7170553497,"7":50118.7233627273,"8":63095.7344480193,"9":79432.8234724282,"10":100000.0,"11":125892.5411794166,"12":158489.3192461114,"13":199526.2314968879,"14":251188.6431509582,"15":316227.7660168379,"16":398107.1705534969,"17":501187.2336272725,"18":630957.344480193,"19":794328.2347242822,"20":1000000.0,"21":1258925.4117941661,"22":1584893.1924611141,"23":1995262.3149688828,"24":2511886.4315095819,"25":3162277.6601683795,"26":3981071.705534969,"27":5011872.3362727249,"28":6309573.4448019424,"29":7943282.347242821,"30":10000000.0,"31":12589254.1179416627,"32":15848931.9246111419,"33":19952623.1496888287,"34":25118864.3150958233,"35":31622776.6016837917,"36":39810717.0553496927,"37":50118723.3627272472,"38":63095734.44801943,"39":79432823.4724282026,"40":100000000.0,"41":125892541.1794171333,"42":158489319.2461110651,"43":199526231.4968882799,"44":251188643.1509582102,"45":316227766.0168378949,"46":398107170.5534985662,"47":501187233.6272714734,"48":630957344.480194211,"49":794328234.7242821455,"50":1000000000.0,"51":1258925411.7941713333,"52":1584893192.4611110687,"53":1995262314.9688827991,"54":2511886431.5095820427,"55":3162277660.1683793068,"56":3981071705.5349855423,"57":5011872336.2727146149,"58":6309573444.8019428253,"59":7943282347.2428216934,"60":10000000000.0,"61":12589254117.9417133331,"62":15848931924.6111087799,"63":19952623149.6888275146,"64":25118864315.0958213806,"65":31622776601.6837921143,"66":39810717055.3498535156,"67":50118723362.7271499634,"68":63095734448.0194244385,"69":79432823472.4282073975,"70":100000000000.0},"log10(E^2 F(E) min [GeV.cm^-2.s^-1.sr^-1])":{"0":null,"1":null,"2":null,"3":null,"4":null,"5":null,"6":null,"7":null,"8":null,"9":null,"10":null,"11":null,"12":null,"13":null,"14":null,"15":null,"16":null,"17":null,"18":null,"19":null,"20":null,"21":-14.1437097505,"22":-14.010638823,"23":-13.8819910411,"24":-13.7576411558,"25":-13.6345662684,"26":-13.5166319153,"27":-13.4194207348,"28":-13.3446242853,"29":-13.2660441204,"30":-13.2015186059,"31":-13.1894656194,"32":-13.185256466,"33":-13.1800256335,"34":-13.174474379,"35":-13.1691682315,"36":-13.1627002675,"37":-13.1683643425,"38":-13.1896491444,"39":-13.2180007892,"40":-13.2548854075,"41":-13.5513533955,"42":null,"43":null,"44":null,"45":null,"46":null,"47":null,"48":null,"49":null,"50":null,"51":null,"52":null,"53":null,"54":null,"55":null,"56":null,"57":null,"58":null,"59":null,"60":null,"61":null,"62":null,"63":null,"64":null,"65":null,"66":null,"67":null,"68":null,"69":null,"70":null},"log10(E^2 F(E) max [GeV.cm^-2.s^-1.sr^-1])":{"0":-9.6586540893,"1":-9.5692903904,"2":-9.4780898402,"3":-9.3900265654,"4":-9.312495947,"5":-9.2311619197,"6":-9.141872007,"7":-9.0501876789,"8":-8.9727479624,"9":-8.8995338663,"10":-8.82307357,"11":-8.7538553743,"12":-8.6848953369,"13":-8.6134419676,"14":-8.5493310902,"15":-8.4833870525,"16":-8.4166633738,"17":-8.3486700199,"18":-8.2758105218,"19":-8.2190209827,"20":-8.1599006458,"21":-8.1113827245,"22":-8.0645556316,"23":-8.015369667,"24":-7.9499399839,"25":-7.8868124901,"26":-7.8480920814,"27":-7.8090831571,"28":-7.7643330595,"29":-7.7219823349,"30":-7.6935132756,"31":-7.6605755296,"32":-7.625310008,"33":-7.6035082011,"34":-7.5826664923,"35":-7.557444426,"36":-7.5370056005,"37":-7.5198320163,"38":-7.4994571179,"39":-7.4806818599,"40":-7.4805556952,"41":-7.4804000919,"42":-7.4900287473,"43":-7.5078019348,"44":-7.5305793055,"45":-7.5546368954,"46":-7.5845878313,"47":-7.6222735725,"48":-7.6603840161,"49":-7.7113757889,"50":-7.7758222494,"51":-7.8569633423,"52":-7.9501749112,"53":-8.0687867722,"54":-8.204528065,"55":-8.3679716981,"56":-8.5559793951,"57":-8.756799693,"58":-8.9648865992,"59":-9.3322561004,"60":-9.9165036935,"61":null,"62":null,"63":null,"64":null,"65":null,"66":null,"67":null,"68":null,"69":null,"70":null}}