{"Energy [GeV]":{"0":10000.0,"1":11768.11952435,"2":13848.8637139387,"3":16297.5083462064,"4":19179.1026167249,"5":22570.1971963392,"6":26560.8778294668,"7":31257.1584968824,"8":36783.7977182863,"9":43287.6128108306,"10":50941.3801481637,"11":59948.4250318941,"12":70548.0231071865,"13":83021.7568131974,"14":97700.9957299225,"15":114975.6995397736,"16":135304.7774579808,"17":159228.2793341094,"18":187381.7422860383,"19":220513.0739903045,"20":259502.4211399737,"21":305385.5508833412,"22":359381.3663804625,"23":422924.2874389499,"24":497702.3564332114,"25":585702.0818056661,"26":689261.2104349695,"27":811130.8307896872,"28":954548.4566618328,"29":1123324.0329780264,"30":1321941.1484660287,"31":1555676.1439304722,"32":1830738.2802953697,"33":2154434.6900318824,"34":2535364.4939701115,"35":2983647.2402833346,"36":3511191.7342151273,"37":4132012.4001153349,"38":4862601.5800653528,"39":5722367.6593502201,"40":6734150.6577508282,"41":7924828.9835391697,"42":9326033.4688321985,"43":10974987.654930545,"44":12915496.6501488276,"45":15199110.829529332,"46":17886495.2905743495,"47":21049041.4451202191,"48":24770763.5599170886,"49":29150530.6282517575,"50":34304692.8631491214,"51":40370172.5859654918,"52":47508101.6210279316,"53":55908101.8251222223,"54":65793322.4657568261,"55":77426368.2681127638,"56":91116275.6115488559,"57":107226722.2010325342,"58":126185688.3066018373},"log10(E^2 F(E) [GeV.cm^-2.s^-1.sr^-1])":{"0":-11.3288454106,"1":-11.2287896296,"2":-11.1336028535,"3":-11.0284248253,"4":-10.9304335516,"5":-10.8329083016,"6":-10.7335871351,"7":-10.6399642052,"8":-10.5450643117,"9":-10.4543728952,"10":-10.3700528079,"11":-10.2909201837,"12":-10.2131797347,"13":-10.1344450571,"14":-10.050376986,"15":-9.9686307244,"16":-9.8936875136,"17":-9.8291006265,"18":-9.7636628573,"19":-9.6993330628,"20":-9.6533848822,"21":-9.6048863147,"22":-9.5539867549,"23":-9.512205042,"24":-9.4745055353,"25":-9.4339639381,"26":-9.4043460507,"27":-9.3944860438,"28":-9.3831623153,"29":-9.3702039075,"30":-9.3790187129,"31":-9.4008457431,"32":-9.4280212624,"33":-9.4623448195,"34":-9.4917740406,"35":-9.5276602802,"36":-9.5740802621,"37":-9.607776766,"38":-9.647884484,"39":-9.7003805646,"40":-9.7421951408,"41":-9.7933812236,"42":-9.8623316213,"43":-9.9047040351,"44":-9.9605199197,"45":-10.0305274937,"46":-10.1006288998,"47":-10.2008873929,"48":-10.3191662278,"49":-10.5099232122,"50":-10.6468638613,"51":-10.8536221288,"52":-11.0604427024,"53":-11.2889889833,"54":-11.5780330443,"55":-11.8997571758,"56":-12.3020861105,"57":-12.6662444041,"58":-13.564181062}}