{"Energy [GeV]":{"0":10000.0,"1":11768.11952435,"2":13848.8637139387,"3":16297.5083462064,"4":19179.1026167249,"5":22570.1971963392,"6":26560.8778294668,"7":31257.1584968824,"8":36783.7977182863,"9":43287.6128108306,"10":50941.3801481637,"11":59948.4250318941,"12":70548.0231071865,"13":83021.7568131974,"14":97700.9957299225,"15":114975.6995397736,"16":135304.7774579808,"17":159228.2793341094,"18":187381.7422860383,"19":220513.0739903045,"20":259502.4211399737,"21":305385.5508833412,"22":359381.3663804625,"23":422924.2874389499,"24":497702.3564332114,"25":585702.0818056661,"26":689261.2104349695,"27":811130.8307896872,"28":954548.4566618328,"29":1123324.0329780264,"30":1321941.1484660287,"31":1555676.1439304722,"32":1830738.2802953697,"33":2154434.6900318824,"34":2535364.4939701115,"35":2983647.2402833346,"36":3511191.7342151273,"37":4132012.4001153349,"38":4862601.5800653528,"39":5722367.6593502201,"40":6734150.6577508282,"41":7924828.9835391697,"42":9326033.4688321985,"43":10974987.654930545,"44":12915496.6501488276,"45":15199110.829529332,"46":17886495.2905743495,"47":21049041.4451202191,"48":24770763.5599170886,"49":29150530.6282517575,"50":34304692.8631491214,"51":40370172.5859654918,"52":47508101.6210279316,"53":55908101.8251222223,"54":65793322.4657568261,"55":77426368.2681127638,"56":91116275.6115488559,"57":107226722.2010325342,"58":126185688.3066018373,"59":148496826.2254463434,"60":174752840.0007683039,"61":205651230.8348651528,"62":242012826.4794383347,"63":284803586.8435792923,"64":335160265.0938847661,"65":394420605.9437648058,"66":464158883.3612772226,"67":546227721.7684336901,"68":642807311.7284319401,"69":756463327.5546289682,"70":890215085.4450355768,"71":1047615752.7896662951,"72":1232846739.4420633316,"73":1450828778.4959430695,"74":1707352647.4706885815,"75":2009233002.5650458336,"76":2364489412.6454071999,"77":2782559402.2071256638,"78":3274549162.8777318001,"79":3853528593.7105193138,"80":4534878508.1285905838,"81":5336699231.2063016891,"82":6280291441.8342466354,"83":7390722033.5257749557,"84":8697490026.1778335571,"85":10235310218.9902687073},"log10(E^2 F(E) [GeV.cm^-2.s^-1.sr^-1])":{"0":-9.6586540893,"1":-9.5957792909,"2":-9.5318405656,"3":-9.4669690005,"4":-9.4031146465,"5":-9.349222548,"6":-9.2933342422,"7":-9.2356294757,"8":-9.1730836917,"9":-9.1088243408,"10":-9.0436724942,"11":-8.9886523211,"12":-8.9380475434,"13":-8.8851856337,"14":-8.8302410204,"15":-8.7800688676,"16":-8.7330190078,"17":-8.6834799348,"18":-8.6316086415,"19":-8.5845098572,"20":-8.5405363985,"21":-8.4939158183,"22":-8.4447815779,"23":-8.4000480714,"24":-8.356425202,"25":-8.3101397836,"26":-8.2613221592,"27":-8.2175022803,"28":-8.1875652285,"29":-8.1547902067,"30":-8.1191434264,"31":-8.0806287504,"32":-8.0388991572,"33":-7.9943839055,"34":-7.9472464129,"35":-7.8976247931,"36":-7.8673503448,"37":-7.8423859293,"38":-7.8147351537,"39":-7.784301326,"40":-7.7510208818,"41":-7.7222596264,"42":-7.702849222,"43":-7.6810653471,"44":-7.6567553941,"45":-7.6297879721,"46":-7.6123736673,"47":-7.5991697814,"48":-7.5841286214,"49":-7.567070448,"50":-7.547818404,"51":-7.5359919002,"52":-7.5242445228,"53":-7.5108151553,"54":-7.4955254896,"55":-7.4806949447,"56":-7.4806116776,"57":-7.4805137084,"58":-7.4803984453,"59":-7.4855461594,"60":-7.4967526291,"61":-7.5103219519,"62":-7.5268532516,"63":-7.5431547374,"64":-7.5610158721,"65":-7.5830214939,"66":-7.6104323976,"67":-7.6355500414,"68":-7.6635883999,"69":-7.6990845673,"70":-7.7400553061,"71":-7.7901290267,"72":-7.8495601026,"73":-7.9071408558,"74":-7.9864141158,"75":-8.0724751001,"76":-8.1626970117,"77":-8.2753190782,"78":-8.3932405945,"79":-8.5246321048,"80":-8.6813685561,"81":-8.8041634301,"82":-8.9586940494,"83":-9.1754332927,"84":-9.52954931,"85":-9.9809960908}}