{"Energy [GeV]":{"0":1045262.9206443451,"1":1093782.0017558527,"2":1144553.2446779567,"3":1197681.1904016375,"4":1253275.2325082899,"5":1311449.8424175666,"6":1372324.8050907927,"7":1436025.4656753009,"8":1502682.9875974793,"9":1572434.6226360402,"10":1645423.9935315375,"11":1721801.3897140864,"12":1801724.0767581714,"13":1885356.6202017844,"14":1972871.2243965862,"15":2064448.0870868368,"16":2160275.7704472272,"17":2260551.5893435348,"18":2365482.0176155865,"19":2475283.1132191247,"20":2590180.9631019039,"21":2710412.1487300708,"22":2836224.233223394,"23":2967876.2711024061,"24":3105639.3416969087,"25":3249797.1073143734,"26":3832759.9765792503,"27":4010669.2743375157,"28":4196836.7772592362,"29":4391645.815239924,"30":4595497.5116066895,"31":4808811.6090549547,"32":5032027.3339233631,"33":5265604.3005868765,"34":5510023.4578299168,"35":5765788.0791483112,"36":6033424.7990192417,"37":6313484.6972727394,"38":6606544.4337975997,"39":6913207.4359182613,"40":7234105.1408873061,"41":7569898.2960520554,"42":7921278.3193725068,"43":8288968.7230917718,"44":8620226.0083550196,"45":10616553.763459269,"46":11109353.6351474877,"47":11625028.3228020258,"48":12164639.631093638,"49":12729298.6516102031,"50":13320168.0506599229,"51":13938464.4632701445,"52":14585460.9983107373,"53":15262489.859900441,"54":15970945.0904940832,"55":16371140.0130416267,"56":17416051.0250291117,"57":18224470.3955398761,"58":19070415.0281022079,"59":19955626.7727302685,"60":20881928.3327437192,"61":21851227.0178215057,"62":22865518.6712651141,"63":23730315.7320200689,"64":25141020.2469194904,"65":26199725.5240527913,"66":28122170.6955723651,"67":29407323.8348247074,"68":30772354.8736515194,"69":32200748.0105537847,"70":33695444.3914530277,"71":35259521.6845702454,"72":36896200.4175268486,"73":38608850.6086011529,"74":39658005.7351518273,"75":76569653.0191650689,"76":80123868.0708448142,"77":83843062.9041416794,"78":87734895.5611114651,"79":91807379.5552965254,"80":96068900.3720234036,"81":100528232.7346121222,"82":105194558.6720524877,"83":110077486.425342083,"84":115187070.2314235866,"85":120533831.0254546851,"86":126128778.1040327549,"87":131983431.7939887941,"88":138109847.1734231412,"89":144520638.8938208818,"90":151229007.1543666422,"91":158248764.8819369078,"92":165594366.1727297008,"93":173280936.054104805,"94":181324301.6279116273,"95":189741024.6594233811,"96":198548435.6789931953,"97":203943781.7169516981,"98":330674727.3118439913,"99":345073791.7077230811,"100":361091449.0441192389,"101":378933168.5921609402,"102":394712836.3296862245,"103":413745123.828194499,"104":440152987.6482943892,"105":460584037.1836747527,"106":481963456.4832761288,"107":504335267.0354751945,"108":519109562.5118276477,"109":688602918.0854555368,"110":719081961.9994695187,"111":752460354.5081875324,"112":787388107.3754464388,"113":823937138.909481287,"114":862182705.7271496058,"115":902203557.7117674351,"116":942137024.6382921934,"117":983838032.5672266483,"118":1029505889.2948788404,"119":1077293559.5172986984,"120":1127299440.8728773594,"121":1179626498.4278793335,"122":1219201798.7220571041,"123":1260104811.1314353943,"124":1315879756.1193630695,"125":1371292337.955493927,"126":1429038380.8935904503,"127":1489216148.5505609512,"128":1548730632.8029539585,"129":1603993690.7259116173,"130":1657806089.8751711845,"131":1713423841.7006554604,"132":1774563615.7871978283,"133":1837885028.6979336739,"134":1899544250.5057094097,"135":1963272078.1155760288,"136":2029137911.2027242184,"137":2090196615.7614209652,"138":2154203060.0939102173,"139":2212741274.7390608788,"140":2269267228.6507935524,"141":2333522192.9514436722,"142":2388203045.6408839226,"143":2386796189.3767342567,"144":2483644310.2885055542,"145":2562640204.3602294922,"146":2624515641.681956768,"147":2616041066.4435992241,"148":2707256049.6138033867,"149":2761961033.093875885,"150":2843848913.6984429359,"151":2948161541.8225159645,"152":3014414974.1639575958,"153":3113376707.6325907707,"154":3194212804.5824427605,"155":3274252385.1261687279,"156":3328723254.8062114716,"157":4112312778.6064004898,"158":4306157709.4910583496,"159":4773366492.2664890289,"160":4895219036.9702787399},"log10(E^2 F(E) [GeV.cm^-2.s^-1.sr^-1])":{"0":-8.8385014625,"1":-8.8355309867,"2":-8.832385777,"3":-8.8288910997,"4":-8.8266195594,"5":-8.8232996159,"6":-8.820503874,"7":-8.8173586643,"8":-8.8147376563,"9":-8.8117671805,"10":-8.8089714386,"11":-8.8056514951,"12":-8.8030304871,"13":-8.8002347452,"14":-8.7969148016,"15":-8.7932453904,"16":-8.7894012453,"17":-8.785731834,"18":-8.781712955,"19":-8.7771698744,"20":-8.7731509955,"21":-8.7682584471,"22":-8.7633658988,"23":-8.7598712214,"24":-8.7569007456,"25":-8.7534060683,"26":-8.7140909477,"27":-8.7069268591,"28":-8.6971417624,"29":-8.6866577303,"30":-8.676348432,"31":-8.665689666,"32":-8.6538077629,"33":-8.6393048518,"34":-8.6249766745,"35":-8.6108232312,"36":-8.5959708523,"37":-8.5812932073,"38":-8.5652176913,"39":-8.5473948367,"40":-8.5293972482,"41":-8.5108754581,"42":-8.4927031357,"43":-8.4747055472,"44":-8.4668643648,"45":-8.3674189516,"46":-8.3440046132,"47":-8.3237354844,"48":-8.3032916217,"49":-8.2824982913,"50":-8.261530227,"51":-8.2405621627,"52":-8.2201183001,"53":-8.1993249697,"54":-8.1837736553,"55":-8.1797547763,"56":-8.1317029624,"57":-8.1184231883,"58":-8.1016487369,"59":-8.081554342,"60":-8.0625083502,"61":-8.044161294,"62":-8.0240668991,"63":-8.0040224281,"64":-7.9802086979,"65":-7.9625605772,"66":-7.9343701796,"67":-7.9197507793,"68":-7.9059468036,"69":-7.8952880376,"70":-7.8834061345,"71":-7.8701263605,"72":-7.8557981832,"73":-7.8428678769,"74":-7.834742752,"75":-7.6857821287,"76":-7.6856073948,"77":-7.6845589916,"78":-7.6822874513,"79":-7.6808895803,"80":-7.680015911,"81":-7.6793169755,"82":-7.6780938384,"83":-7.6768707014,"84":-7.6758222981,"85":-7.6765212336,"86":-7.6803653787,"87":-7.6815885158,"88":-7.6819379836,"89":-7.6857821287,"90":-7.6868305319,"91":-7.6894515399,"92":-7.693295685,"93":-7.6967903624,"94":-7.6999355721,"95":-7.7022071124,"96":-7.7051775881,"97":-7.7069249268,"98":-7.8258798619,"99":-7.8489835623,"100":-7.8620886025,"101":-7.8780378471,"102":-7.8955549921,"103":-7.909441481,"104":-7.9508534079,"105":-7.9611627062,"106":-7.9763645528,"107":-7.9943621413,"108":-8.0048461735,"109":-8.1645704031,"110":-8.2040427841,"111":-8.2340970096,"112":-8.2643259689,"113":-8.2942054605,"114":-8.3251333553,"115":-8.3578085888,"116":-8.3954113175,"117":-8.4291000074,"118":-8.465619386,"119":-8.5021387646,"120":-8.5388328771,"121":-8.5784974654,"122":-8.603123292,"123":-8.6476920775,"124":-8.6869897247,"125":-8.7281220774,"126":-8.7690622229,"127":-8.8101945757,"128":-8.8518394811,"129":-8.8935644729,"130":-8.9336877376,"131":-8.9742915204,"132":-9.0175648484,"133":-9.0600640084,"134":-9.1023496047,"135":-9.1434339056,"136":-9.1852389838,"137":-9.2356933884,"138":-9.2826125525,"139":-9.3238684671,"140":-9.3644907314,"141":-9.4063327724,"142":-9.4732028267,"143":-9.4411835386,"144":-9.4993301319,"145":-9.5496683093,"146":-9.6289173995,"147":-9.5877602927,"148":-9.6361091543,"149":-9.6724176388,"150":-9.7382708702,"151":-9.7904238175,"152":-9.8414738705,"153":-9.8991859713,"154":-9.9419749675,"155":-9.9816978004,"156":-10.0095678525,"157":-10.4035126407,"158":-10.5401399651,"159":-10.8391770817,"160":-10.9936690027}}