{"Energy [GeV]":{"0":10000.0,"1":11768.11952435,"2":13848.8637139387,"3":16297.5083462064,"4":19179.1026167249,"5":22570.1971963392,"6":26560.8778294668,"7":31257.1584968824,"8":36783.7977182863,"9":43287.6128108306,"10":50941.3801481637,"11":59948.4250318941,"12":70548.0231071865,"13":83021.7568131974,"14":97700.9957299225,"15":114975.6995397736,"16":135304.7774579808,"17":159228.2793341094,"18":187381.7422860383,"19":220513.0739903045,"20":259502.4211399737,"21":305385.5508833412,"22":359381.3663804625,"23":422924.2874389499,"24":497702.3564332114,"25":585702.0818056661,"26":689261.2104349695,"27":811130.8307896872,"28":954548.4566618328,"29":1123324.0329780264,"30":1321941.1484660287,"31":1555676.1439304722,"32":1830738.2802953697,"33":2154434.6900318824,"34":2535364.4939701115,"35":2983647.2402833346,"36":3511191.7342151273,"37":4132012.4001153349,"38":4862601.5800653528,"39":5722367.6593502201,"40":6734150.6577508282,"41":7924828.9835391697,"42":9326033.4688321985,"43":10974987.654930545,"44":12915496.6501488276,"45":15199110.829529332,"46":17886495.2905743495,"47":21049041.4451202191,"48":24770763.5599170886,"49":29150530.6282517575,"50":34304692.8631491214,"51":40370172.5859654918,"52":47508101.6210279316,"53":55908101.8251222223,"54":65793322.4657568261,"55":77426368.2681127638,"56":91116275.6115488559,"57":107226722.2010325342,"58":126185688.3066018373,"59":148496826.2254463434,"60":174752840.0007683039,"61":205651230.8348651528,"62":242012826.4794383347,"63":284803586.8435792923,"64":335160265.0938847661,"65":394420605.9437648058,"66":464158883.3612772226,"67":546227721.7684336901,"68":642807311.7284319401,"69":756463327.5546289682,"70":890215085.4450355768,"71":1047615752.7896662951,"72":1232846739.4420633316,"73":1450828778.4959430695,"74":1707352647.4706885815,"75":2009233002.5650458336,"76":2364489412.6454071999,"77":2782559402.2071256638,"78":3274549162.8777318001,"79":3853528593.7105193138,"80":4534878508.1285905838,"81":5336699231.2063016891,"82":6280291441.8342466354,"83":7390722033.5257749557,"84":8697490026.1778335571,"85":10235310218.9902687073},"log10(E^2 F(E) [GeV.cm^-2.s^-1.sr^-1])":{"0":-10.0748022096,"1":-10.0142753017,"2":-9.9548249798,"3":-9.9058999919,"4":-9.8546016512,"5":-9.8010975592,"6":-9.7455641788,"7":-9.6881812148,"8":-9.6407177875,"9":-9.5956148574,"10":-9.5479180959,"11":-9.4977704275,"12":-9.4464737894,"13":-9.4162317167,"14":-9.3831462269,"15":-9.3471875641,"16":-9.3083636977,"17":-9.2748893412,"18":-9.267381954,"19":-9.2587102484,"20":-9.248722229,"21":-9.2372550704,"22":-9.2241371065,"23":-9.2091907134,"24":-9.2118254357,"25":-9.2158309715,"26":-9.2205925463,"27":-9.2262637225,"28":-9.2330338925,"29":-9.2411386911,"30":-9.2525370278,"31":-9.267173585,"32":-9.2850547052,"33":-9.3070861085,"34":-9.3345310109,"35":-9.3692200734,"36":-9.4139428891,"37":-9.4331030381,"38":-9.4539777304,"39":-9.4799018421,"40":-9.512534438,"41":-9.5543681214,"42":-9.5852874608,"43":-9.6089041928,"44":-9.6384487358,"45":-9.6760050717,"46":-9.7248116714,"47":-9.7641220746,"48":-9.7989369393,"49":-9.843837566,"50":-9.9034105346,"51":-9.9859160748,"52":-10.0405404168,"53":-10.0753206613,"54":-10.1201723427,"55":-10.1796720575,"56":-10.2620580562,"57":-10.3240503618,"58":-10.344727975,"59":-10.370393909,"60":-10.402679065,"61":-10.4440278655,"62":-10.4983379528,"63":-10.5497576646,"64":-10.5793452534,"65":-10.6169607168,"66":-10.6658522211,"67":-10.7314683501,"68":-10.7954770036,"69":-10.8362809416,"70":-10.8897930683,"71":-10.9625840006,"72":-11.0234724092,"73":-11.0866617368,"74":-11.1751355306,"75":-11.309382733,"76":-11.4364958304,"77":-11.5210987346,"78":-11.6478375743,"79":-11.7802370987,"80":-11.8734879492,"81":-12.0172794186,"82":-12.1564200602,"83":-12.2715532598,"84":-12.4635049012,"85":-12.9245080389}}