{"Energy [GeV]":{"0":10000.0,"1":11768.11952435,"2":13848.8637139387,"3":16297.5083462064,"4":19179.1026167249,"5":22570.1971963392,"6":26560.8778294668,"7":31257.1584968824,"8":36783.7977182863,"9":43287.6128108306,"10":50941.3801481637,"11":59948.4250318941,"12":70548.0231071865,"13":83021.7568131974,"14":97700.9957299225,"15":114975.6995397736,"16":135304.7774579808,"17":159228.2793341094,"18":187381.7422860383,"19":220513.0739903045,"20":259502.4211399737,"21":305385.5508833412,"22":359381.3663804625,"23":422924.2874389499,"24":497702.3564332114,"25":585702.0818056661,"26":689261.2104349695,"27":811130.8307896872,"28":954548.4566618328,"29":1123324.0329780264,"30":1321941.1484660287,"31":1555676.1439304722,"32":1830738.2802953697,"33":2154434.6900318824,"34":2535364.4939701115,"35":2983647.2402833346,"36":3511191.7342151273,"37":4132012.4001153349,"38":4862601.5800653528,"39":5722367.6593502201,"40":6734150.6577508282,"41":7924828.9835391697,"42":9326033.4688321985,"43":10974987.654930545,"44":12915496.6501488276,"45":15199110.829529332,"46":17886495.2905743495,"47":21049041.4451202191,"48":24770763.5599170886,"49":29150530.6282517575,"50":34304692.8631491214,"51":40370172.5859654918,"52":47508101.6210279316,"53":55908101.8251222223,"54":65793322.4657568261,"55":77426368.2681127638,"56":91116275.6115488559,"57":107226722.2010325342,"58":126185688.3066018373,"59":148496826.2254463434,"60":174752840.0007683039,"61":205651230.8348651528},"log10(E^2 F(E) [GeV.cm^-2.s^-1.sr^-1])":{"0":-10.7520518728,"1":-10.6153477988,"2":-10.4934993023,"3":-10.3836170406,"4":-10.2797308385,"5":-10.1817916835,"6":-10.0892146498,"7":-10.0007516392,"8":-9.8883690449,"9":-9.7745428211,"10":-9.6702852724,"11":-9.5729737531,"12":-9.5091776004,"13":-9.4529531987,"14":-9.3949441635,"15":-9.3353269792,"16":-9.311439955,"17":-9.2919034491,"18":-9.2699846462,"19":-9.2455319429,"20":-9.2370174496,"21":-9.2615865246,"22":-9.2924009772,"23":-9.3317075253,"24":-9.3562692396,"25":-9.353717625,"26":-9.350733931,"27":-9.3472487398,"28":-9.3423945186,"29":-9.3350348491,"30":-9.3265306833,"31":-9.3167316124,"32":-9.3054761904,"33":-9.308950196,"34":-9.3161250635,"35":-9.3247232193,"36":-9.3344843692,"37":-9.3430614591,"38":-9.3533769566,"39":-9.3658387692,"40":-9.3785953158,"41":-9.3863528491,"42":-9.3956631147,"43":-9.4068814832,"44":-9.4204656311,"45":-9.4396958014,"46":-9.4886863187,"47":-9.5544541641,"48":-9.647265033,"49":-9.7325722688,"50":-9.8196100696,"51":-9.9510488806,"52":-10.1469779136,"53":-10.2783499645,"54":-10.5117043238,"55":-10.817200842,"56":-11.0881175222,"57":-11.3899198322,"58":-11.7567906722,"59":-12.0400367549,"60":-12.4269757855,"61":-12.8869372389}}