{"Energy [GeV]":{"0":112201.845,"1":141253.754,"2":177827.941,"3":223872.114,"4":281838.293,"5":354813.389,"6":446683.592,"7":562341.325,"8":707945.784,"9":891250.938,"10":1122018.45,"11":1412537.54,"12":1778279.4099999999,"13":2238721.1400000001,"14":2818382.9300000002,"15":3548133.8900000001,"16":4466835.9199999999,"17":5623413.25,"18":7079457.8399999999,"19":8912509.3800000008,"20":11220184.5,"21":14125375.4000000004,"22":17782794.1000000015,"23":22387211.3999999985,"24":28183829.3000000007,"25":35481338.8999999985,"26":44668359.200000003,"27":56234132.5,"28":70794578.400000006,"29":89125093.799999997,"30":112201845.0,"31":141253754.0,"32":177827941.0,"33":223872114.0,"34":281838293.0,"35":354813389.0,"36":446683592.0,"37":562341325.0,"38":707945784.0,"39":891250938.0,"40":1122018450.0,"41":1412537540.0,"42":1778279410.0,"43":2238721140.0,"44":2818382930.0,"45":3548133890.0,"46":4466835920.0,"47":5623413250.0,"48":7079457840.0,"49":8912509380.0,"50":11220184500.0,"51":14125375400.0,"52":17782794100.0,"53":22387211400.0,"54":28183829300.0,"55":35481338900.0,"56":44668359200.0,"57":56234132500.0,"58":70794578400.0,"59":89125093800.0},"Aeff [cm^2]":{"0":0.0,"1":0.0,"2":0.0,"3":0.0,"4":0.0,"5":0.0,"6":45.9646734,"7":144.490164,"8":539.284373,"9":2728.55725,"10":3221.88195,"11":8827.83015,"12":17361.7116,"13":23424.3383,"14":48794.6596,"15":66648.2809,"16":99884.8358,"17":158906.41,"18":280592.949,"19":299647.495,"20":375723.468,"21":468055.379,"22":592561.338,"23":823062.074,"24":950636.545,"25":1128624.1000000001,"26":1338994.22,"27":1666554.21,"28":1930593.3500000001,"29":2218655.75,"30":2267036.5800000001,"31":2825371.3100000001,"32":3535653.46,"33":4055999.9500000002,"34":4190110.27,"35":4743604.5300000003,"36":5286341.2199999997,"37":6211034.79,"38":6690045.6799999997,"39":7447205.1500000004,"40":7742890.3600000003,"41":8231725.8799999999,"42":9808192.4100000001,"43":10403030.6999999993,"44":12971276.0,"45":13555779.0999999996,"46":14090485.8000000007,"47":16398466.5999999996,"48":16473571.1999999993,"49":17586059.1999999993,"50":20321592.5,"51":18337452.3999999985,"52":21697274.0,"53":25131347.8000000007,"54":25309009.5,"55":27455924.3999999985,"56":29242996.1000000015,"57":30321676.5,"58":31861131.5,"59":35343948.1000000015}}